INSERT INTO readers (ID, 姓名, 性别, 单位, 读者类型,在借册数, password, 欠款) VALUES 
('2023001', '张磊', '男', '航空学院', '本科生', 0, '123456', 0),
('2024821', '黄洋', '男', '电子学院', '研究生', 0, '123456', 0.31),
('2023149', '张三', '女', '民航学院', '研究生', 0, '123456', 1.36),
('2024797', '王磊', '男', '计算机学院', '教师', 0, '123456', 3.07),
('2022933', '张洋', '男', '人文学院', '研究生', 0, '123456', 4.24),
('2023846', '刘静', '女', '物理学院', '教师', 0, '123456', 8.43),
('2022724', '陈磊', '男', '航空学院', '研究生', 0, '123456', 8.6),
('2024404', '周静', '女', '机电学院', '研究生', 0, '123456', 6.21),
('2022343', '李伟', '女', '材料学院', '本科生', 0, '123456', 3.91),
('2021717', '李洋', '女', '数学学院', '教师', 0, '123456', 0.61),
('2023468', '周芳', '女', '电子学院', '本科生', 0, '123456', 7.93),
('2023430', '李敏', '男', '民航学院', '研究生', 0, '123456', 0.9),
('2024735', '刘洋', '男', '民航学院', '教师', 0, '123456', 8.76),
('2021553', '王霞', '女', '艺术学院', '教师', 0, '123456', 8.55),
('2022369', '吴芳', '女', '人文学院', '本科生', 0, '123456', 8.98),
('2024965', '李敏', '女', '机电学院', '研究生', 0, '123456', 4.09),
('2022366', '周芳', '女', '马克思主义学院', '本科生', 0, '123456', 2.39),
('2024141', '周玲', '女', '经管学院', '教师', 0, '123456', 3.31),
('2024491', '李磊', '男', '机电学院', '教师', 0, '123456', 5.87),
('2023197', '刘玲', '男', '电子学院', '研究生', 0, '123456', 2.98),
('2022972', '吴洋', '女', '民航学院', '教师', 0, '123456', 7.32);

INSERT INTO books (书号, 书名, 作者, 类型, 价格, 出版社, 摘要, 馆藏册数, 在馆册数, 书架号, 被借次数) VALUES
('001', '过程控制系统', '邵裕森', '自动化控制', 75, '机械工业出版社', '过程控制教材', 12, 12, 'A02', 0),
('002', 'Java核心技术', 'Cay S. Horstmann', '计算机技术', 99, '机械工业出版社', 'Java编程经典教材', 15, 15, 'C01', 0),
('003', '数据结构与算法分析', 'Mark Allen Weiss', '计算机技术', 79, '电子工业出版社', '算法经典教材', 12, 12, 'C01', 0),
('004', '计算机网络', 'Andrew S. Tanenbaum', '计算机技术', 89, '清华大学出版社', '网络经典教材', 10, 10, 'C01', 0),
('005', '操作系统概念', 'Abraham Silberschatz', '计算机技术', 95, '机械工业出版社', '操作系统经典', 8, 8, 'C01', 0),
('006', '人工智能', 'Stuart Russell', '人工智能', 128, '人民邮电出版社', 'AI领域经典', 7, 7, 'A01', 0),
('007', '机器学习', '周志华', '人工智能', 79, '清华大学出版社', '西瓜书', 15, 15, 'A01', 0),
('008', '深度学习', 'Ian Goodfellow', '人工智能', 118, '人民邮电出版社', '花书', 10, 10, 'A01', 0),
('009', '自动化控制原理', '胡寿松', '自动化', 59, '科学出版社', '自动化经典教材', 12, 12, 'C02', 0),
('010', '机器人学导论', 'John J. Craig', '自动化', 89, '机械工业出版社', '机器人学入门', 9, 9, 'C02', 0),
('011', '文学概论', '童庆炳', '文学', 45, '高等教育出版社', '文学理论基础', 20, 20, 'C03', 0),
('012', '中国现代文学三十年', '钱理群', '文学', 68, '北京大学出版社', '现代文学通史', 18, 18, 'C03', 0),
('013', '红楼梦', '曹雪芹', '文学', 39, '人民文学出版社', '古典文学名著', 25, 25, 'C03', 0),
('014', '三体', '刘慈欣', '文学', 58, '重庆出版社', '科幻文学经典', 30, 30, 'C03', 0),
('015', '航空航天概论', '赵振业', '航空航天', 65, '北京航空航天大学出版社', '航空航天入门', 10, 10, 'B01', 0),
('016', '飞行器设计', '徐敏', '航空航天', 88, '西北工业大学出版社', '飞行器设计理论', 8, 8, 'B01', 0),
('017', '材料力学', '刘鸿文', '材料科学', 52, '高等教育出版社', '材料力学基础', 15, 15, 'C04', 0),
('018', '材料科学基础', '胡赓祥', '材料科学', 69, '上海交通大学出版社', '材料科学导论', 12, 12, 'C04', 0),
('019', '自动控制理论', '李友善', '自动化控制', 58, '国防工业出版社', '自动控制理论', 10, 10, 'A02', 0),
('020', '经济管理学原理', '斯蒂芬·罗宾斯', '经济管理', 75, '中国人民大学出版社', '管理学经典', 18, 18, 'B02', 0),
('021', '微观经济学', '保罗·萨缪尔森', '经济管理', 68, '人民邮电出版社', '经济学经典', 15, 15, 'B02', 0),
('022', '宏观经济学', 'N·格里高利·曼昆', '经济管理', 72, '中国人民大学出版社', '经济学经典', 14, 14, 'B02', 0),
('023', '大学英语', '郑树棠', '外语学习', 42, '高等教育出版社', '大学英语教材', 30, 30, 'C05', 0),
('024', '英语语法', '薄冰', '外语学习', 38, '商务印书馆', '英语语法经典', 25, 25, 'C05', 0),
('025', '日语入门', '标准日本语', '外语学习', 56, '人民教育出版社', '日语学习教材', 20, 20, 'C05', 0),
('026', '艺术概论', '王宏建', '文学艺术', 59, '文化艺术出版社', '艺术理论基础', 15, 15, 'A03', 0),
('027', '中国美术史', '中央美院', '文学艺术', 88, '中国青年出版社', '美术史教材', 12, 12, 'A03', 0),
('028', '马克思主义基本原理概论', '本书编写组', '马克思主义理论', 36, '高等教育出版社', '马原教材', 25, 25, 'B03', 0),
('029', '毛泽东思想和中国特色社会主义理论体系概论', '本书编写组', '马克思主义理论', 45, '高等教育出版社', '毛概教材', 22, 22, 'B03', 0),
('030', '邓小平理论概论', '本书编写组', '马克思主义理论', 32, '高等教育出版社', '邓论教材', 18, 18, 'B03', 0),
('031', '大学物理', '张三慧', '物理科学', 56, '清华大学出版社', '大学物理教材', 20, 20, 'B04', 0),
('032', '量子力学导论', '曾谨言', '物理科学', 78, '科学出版社', '量子力学教材', 15, 15, 'B04', 0),
('033', '相对论', '爱因斯坦', '物理科学', 48, '商务印书馆', '相对论经典', 10, 10, 'B04', 0),
('034', '社会学概论', '郑杭生', '人文社科', 59, '中国人民大学出版社', '社会学入门', 18, 18, 'A04', 0),
('035', '心理学导论', '黄希庭', '人文社科', 65, '人民教育出版社', '心理学入门', 20, 20, 'A04', 0),
('036', 'Python数据分析', 'Wes McKinney', '计算机技术', 89, '机械工业出版社', 'Pandas权威指南', 12, 12, 'C01', 0),
('037', '数据挖掘', 'Jiawei Han', '计算机技术', 98, '机械工业出版社', '数据挖掘经典', 10, 10, 'C01', 0),
('038', '计算机组成原理', '唐朔飞', '计算机技术', 65, '高等教育出版社', '计算机组成教材', 15, 15, 'C01', 0),
('039', '编译原理', 'Alfred V. Aho', '计算机技术', 79, '国防工业出版社', '编译原理经典', 8, 8, 'C01', 0),
('040', '自然语言处理', 'Jurafsky', '人工智能', 118, '电子工业出版社', 'NLP经典', 7, 7, 'A01', 0),
('041', '计算机视觉', 'Richard Szeliski', '人工智能', 128, '人民邮电出版社', 'CV领域经典', 5, 5, 'A01', 0),
('042', '模式识别', 'Bishop', '人工智能', 98, '机械工业出版社', 'PR经典', 10, 10, 'A01', 0),
('043', '现代控制理论', '刘豹', '自动化', 58, '机械工业出版社', '现代控制理论', 12, 12, 'C02', 0),
('044', '电力电子技术', '王兆安', '自动化', 68, '机械工业出版社', '电力电子教材', 10, 10, 'C02', 0),
('045', '文学批评方法', '朱立元', '文学', 48, '华东师范大学出版社', '文学批评理论', 15, 15, 'C03', 0),
('046', '中国古典文学', '袁行霈', '文学', 88, '高等教育出版社', '古典文学通史', 18, 18, 'C03', 0),
('047', '平凡的世界', '路遥', '文学', 68, '人民文学出版社', '当代文学经典', 25, 25, 'C03', 0),
('048', '活着', '余华', '文学', 32, '作家出版社', '当代文学经典', 30, 30, 'C03', 0),
('049', '航空发动机原理', '刘大响', '航空航天', 78, '北京航空航天大学出版社', '航发原理', 8, 8, 'B01', 0),
('050', '航天器设计', '杨为民', '航空航天', 95, '中国宇航出版社', '航天器设计理论', 6, 6, 'B01', 0),
('051', 'Python网络爬虫', '崔庆才', '计算机技术', 79, '机械工业出版社', '爬虫技术详解', 12, 12, 'C01', 0),
('052', '数据库系统概念', 'Abraham Silberschatz', '计算机技术', 99, '机械工业出版社', '数据库经典教材', 10, 10, 'C01', 0),
('053', '软件工程', 'Ian Sommerville', '计算机技术', 85, '机械工业出版社', '软件工程导论', 15, 15, 'C01', 0),
('054', '大数据技术原理', '林子雨', '计算机技术', 78, '清华大学出版社', '大数据技术入门', 10, 10, 'C01', 0),
('055', '计算机图形学', 'Donald Hearn', '计算机技术', 89, '电子工业出版社', '图形学经典教材', 8, 8, 'C01', 0),
('056', '知识图谱', '陆汝钤', '人工智能', 98, '科学出版社', '知识图谱理论', 7, 7, 'A01', 0),
('057', '强化学习', 'Richard S. Sutton', '人工智能', 108, '电子工业出版社', '强化学习经典', 5, 5, 'A01', 0),
('058', '计算机视觉技术', '李开复', '人工智能', 88, '科学出版社', '计算机视觉应用', 9, 9, 'A01', 0),
('059', '智能控制', '李士勇', '自动化', 65, '哈尔滨工业大学出版社', '智能控制理论', 12, 12, 'C02', 0),
('060', '机器人控制技术', '杨辰光', '自动化', 78, '机械工业出版社', '机器人控制技术', 10, 10, 'C02', 0),
('061', '自动化仪表与过程控制', '厉玉鸣', '自动化', 68, '化学工业出版社', '自动化仪表教材', 15, 15, 'C02', 0),
('062', '中国当代文学', '洪子诚', '文学', 78, '北京大学出版社', '当代文学研究', 18, 18, 'C03', 0),
('063', '外国文学名著导读', '郑克鲁', '文学', 85, '华东师范大学出版社', '外国文学经典', 15, 15, 'C03', 0),
('064', '鲁迅全集', '鲁迅', '文学', 298, '人民文学出版社', '鲁迅作品集', 5, 5, 'C03', 0),
('065', '平凡的世界（全三册）', '路遥', '文学', 128, '人民文学出版社', '茅盾文学奖获奖作品', 10, 10, 'C03', 0),
('066', '航空航天制造技术', '王华明', '航空航天', 89, '北京航空航天大学出版社', '航空制造技术', 8, 8, 'B01', 0),
('067', '飞行器空气动力学', '刘沛清', '航空航天', 75, '北京航空航天大学出版社', '空气动力学基础', 10, 10, 'B01', 0),
('068', '复合材料', '张立同', '材料科学', 72, '西北工业大学出版社', '复合材料导论', 12, 12, 'C04', 0),
('069', '材料物理性能', '田莳', '材料科学', 65, '北京航空航天大学出版社', '材料物理性能', 10, 10, 'C04', 0),
('070', '自动检测技术', '王化祥', '自动化控制', 68, '机械工业出版社', '检测技术教材', 15, 15, 'A02', 0);

INSERT INTO loginrecord (ID, time, number) VALUES
('2023149', '2024-05-01', 1),
('2023430', '2024-05-01', 2),
('2024797', '2024-05-02', 1),
('2022933', '2024-05-03', 1),
('2023846', '2024-05-03', 2),
('2022724', '2024-05-04', 1),
('2022343', '2024-05-04', 2),
('2023468', '2024-05-05', 1),
('2024735', '2024-05-06', 1),
('2021553', '2024-05-06', 2),
('2022369', '2024-05-07', 1),
('2024965', '2024-05-07', 2),
('2022366', '2024-05-08', 1),
('2024141', '2024-05-08', 2),
('2024491', '2024-05-09', 1),
('2023197', '2024-05-10', 1),
('2022972', '2024-05-10', 2),
('2023149', '2024-05-11', 1),
('2024797', '2024-05-11', 2),
('2022933', '2024-05-12', 1),
('2023846', '2024-05-12', 2),
('2022724', '2024-05-13', 1),
('2022343', '2024-05-14', 1),
('2021717', '2024-05-14', 2),
('2023468', '2024-05-15', 1),
('2023430', '2024-05-15', 2),
('2024735', '2024-05-16', 1),
('2021553', '2024-05-17', 1),
('2022369', '2024-05-17', 2),
('2024965', '2024-05-18', 1),
('2022366', '2024-05-18', 2),
('2024141', '2024-05-19', 1),
('2024491', '2024-05-20', 1),
('2023197', '2024-05-21', 1),
('2022972', '2024-05-22', 1),
('2023149', '2024-05-23', 1),
('2024797', '2024-05-24', 1),
('2022933', '2024-05-24', 2),
('2023846', '2024-05-25', 1),
('2022724', '2024-05-25', 2);